INSERT INTO CATALOG_TYPE(CATALOG_TYPE_ID, CATALOG_TYPE_NAME) VALUES ('book', STRINGDECODE('\u66F8 Books'));
INSERT INTO CATALOG_TYPE(CATALOG_TYPE_ID, CATALOG_TYPE_NAME) VALUES ('audio_cd', 'Audio CD');

INSERT INTO CATALOG_CATEGORY(CATEGORY_CODE, CATEGORY_NAME) VALUES ('cat_1A', '1A. Prophecy');
INSERT INTO CATALOG_CATEGORY(CATEGORY_CODE, CATEGORY_NAME) VALUES ('cat_1B', '1B. Bible Study');
INSERT INTO CATALOG_CATEGORY(CATEGORY_CODE, CATEGORY_NAME) VALUES ('cat_1C', '1C. Study Bibles');
INSERT INTO CATALOG_CATEGORY(CATEGORY_CODE, CATEGORY_NAME) VALUES ('cat_2A', '2A. 2A Category Name');
INSERT INTO CATALOG_CATEGORY(CATEGORY_CODE, CATEGORY_NAME) VALUES ('cat_2B', '2B. 2B Category Name');
INSERT INTO CATALOG_CATEGORY(CATEGORY_CODE, CATEGORY_NAME) VALUES ('cat_2C', '2C. 2C Category Name');

INSERT INTO CATALOG_TYPE_CATEGORY_XREF(CATALOG_TYPE_ID, CATEGORY_CODE) VALUES ('book', 'cat_1A');
INSERT INTO CATALOG_TYPE_CATEGORY_XREF(CATALOG_TYPE_ID, CATEGORY_CODE) VALUES ('book', 'cat_1B');
INSERT INTO CATALOG_TYPE_CATEGORY_XREF(CATALOG_TYPE_ID, CATEGORY_CODE) VALUES ('book', 'cat_1C');
INSERT INTO CATALOG_TYPE_CATEGORY_XREF(CATALOG_TYPE_ID, CATEGORY_CODE) VALUES ('audio_cd', 'cat_2A');
INSERT INTO CATALOG_TYPE_CATEGORY_XREF(CATALOG_TYPE_ID, CATEGORY_CODE) VALUES ('audio_cd', 'cat_2B');
INSERT INTO CATALOG_TYPE_CATEGORY_XREF(CATALOG_TYPE_ID, CATEGORY_CODE) VALUES ('audio_cd', 'cat_2C');

INSERT INTO CATALOG_ITEM(ITEM_CODE, ITEM_SHORT_DESCR, NUM_VOLUMES, SORT_ORDER, AUTHOR, PRICE_US, ACTIVE) VALUES ('1A0001', '1A0001 Name', 1,  10, '1A0001 Author',  7.0, 'Y');
INSERT INTO CATALOG_ITEM(ITEM_CODE, ITEM_SHORT_DESCR, NUM_VOLUMES, SORT_ORDER, AUTHOR, PRICE_US, ACTIVE) VALUES ('1A0002', '1A0002 Name', 1,  20, '1A0002 Author',  5.0, 'Y');
INSERT INTO CATALOG_ITEM(ITEM_CODE, ITEM_SHORT_DESCR, NUM_VOLUMES, SORT_ORDER, AUTHOR, PRICE_US, ACTIVE) VALUES ('1A0003', '1A0003 Name', 1,  30, '1A0003 Author', 36.0, 'Y');
INSERT INTO CATALOG_ITEM(ITEM_CODE, ITEM_SHORT_DESCR, NUM_VOLUMES, SORT_ORDER, AUTHOR, PRICE_US, ACTIVE) VALUES ('1A0004', '1A0004 Name', 1,  40, '1A0004 Author',  3.0, 'Y');
INSERT INTO CATALOG_ITEM(ITEM_CODE, ITEM_SHORT_DESCR, NUM_VOLUMES, SORT_ORDER, AUTHOR, PRICE_US, ACTIVE) VALUES ('1A0005', '1A0005 Name', 1,  50, '1A0005 Author',  3.0, 'Y');
INSERT INTO CATALOG_ITEM(ITEM_CODE, ITEM_SHORT_DESCR, NUM_VOLUMES, SORT_ORDER, AUTHOR, PRICE_US, ACTIVE) VALUES ('1A0006', '1A0006 Name', 1,  60, '1A0006 Author',  3.0, 'Y');
INSERT INTO CATALOG_ITEM(ITEM_CODE, ITEM_SHORT_DESCR, NUM_VOLUMES, SORT_ORDER, AUTHOR, PRICE_US, ACTIVE) VALUES ('1A0007', '1A0007 Name', 1,  70, '1A0007 Author',  3.0, 'Y');
INSERT INTO CATALOG_ITEM(ITEM_CODE, ITEM_SHORT_DESCR, NUM_VOLUMES, SORT_ORDER, AUTHOR, PRICE_US, ACTIVE) VALUES ('1A0008', '1A0008 Name', 1,  80, '1A0008 Author',  3.0, 'Y');
INSERT INTO CATALOG_ITEM(ITEM_CODE, ITEM_SHORT_DESCR, NUM_VOLUMES, SORT_ORDER, AUTHOR, PRICE_US, ACTIVE) VALUES ('1A0009', '1A0009 Name', 1,  90, '1A0009 Author',  3.0, 'Y');
INSERT INTO CATALOG_ITEM(ITEM_CODE, ITEM_SHORT_DESCR, NUM_VOLUMES, SORT_ORDER, AUTHOR, PRICE_US, ACTIVE) VALUES ('1A0010', '1A0010 Name', 1, 100, '1A0010 Author',  3.0, 'Y');
INSERT INTO CATALOG_ITEM(ITEM_CODE, ITEM_SHORT_DESCR, NUM_VOLUMES, SORT_ORDER, AUTHOR, PRICE_US, ACTIVE) VALUES ('1A0011', '1A0011 Name', 1, 110, '1A0011 Author',  3.0, 'Y');

INSERT INTO CATEGORY_CATALOG_ITEM_XREF(CATEGORY_CODE, CATALOG_ITEM) VALUES ('cat_1A', '1A0001');
INSERT INTO CATEGORY_CATALOG_ITEM_XREF(CATEGORY_CODE, CATALOG_ITEM) VALUES ('cat_1A', '1A0002');
INSERT INTO CATEGORY_CATALOG_ITEM_XREF(CATEGORY_CODE, CATALOG_ITEM) VALUES ('cat_1A', '1A0003');
INSERT INTO CATEGORY_CATALOG_ITEM_XREF(CATEGORY_CODE, CATALOG_ITEM) VALUES ('cat_1A', '1A0004');
INSERT INTO CATEGORY_CATALOG_ITEM_XREF(CATEGORY_CODE, CATALOG_ITEM) VALUES ('cat_1A', '1A0005');
INSERT INTO CATEGORY_CATALOG_ITEM_XREF(CATEGORY_CODE, CATALOG_ITEM) VALUES ('cat_1A', '1A0006');
INSERT INTO CATEGORY_CATALOG_ITEM_XREF(CATEGORY_CODE, CATALOG_ITEM) VALUES ('cat_1A', '1A0007');
INSERT INTO CATEGORY_CATALOG_ITEM_XREF(CATEGORY_CODE, CATALOG_ITEM) VALUES ('cat_1A', '1A0008');
INSERT INTO CATEGORY_CATALOG_ITEM_XREF(CATEGORY_CODE, CATALOG_ITEM) VALUES ('cat_1A', '1A0009');
INSERT INTO CATEGORY_CATALOG_ITEM_XREF(CATEGORY_CODE, CATALOG_ITEM) VALUES ('cat_1A', '1A0010');
INSERT INTO CATEGORY_CATALOG_ITEM_XREF(CATEGORY_CODE, CATALOG_ITEM) VALUES ('cat_1A', '1A0011');

